{"cameraMode":{"drawMode":0,"name":"Shaded","section":"Shading Mode"},"sceneLighting":false,"audioPlay":false,"sceneViewState":{"m_AlwaysRefresh":false,"showFog":true,"showSkybox":false,"showFlares":true,"showImageEffects":true,"showParticleSystems":true,"showVisualEffectGraphs":true,"m_FxEnabled":false},"in2DMode":false,"pivot":{"x":26.487709045410158,"y":186.0851287841797,"z":-15.112907409667969},"rotation":{"x":0.09531953930854798,"y":-0.25217774510383608,"z":0.024986013770103456,"w":0.9626680016517639},"size":293.6983337402344,"orthographic":true}