{"cameraMode":{"drawMode":0,"name":"Shaded","section":"Shading Mode"},"sceneLighting":true,"audioPlay":false,"sceneViewState":{"m_AlwaysRefresh":false,"showFog":true,"showSkybox":true,"showFlares":true,"showImageEffects":true,"showParticleSystems":true,"showVisualEffectGraphs":true,"m_FxEnabled":false},"in2DMode":false,"pivot":{"x":0.3510551452636719,"y":970.429931640625,"z":138.62928771972657},"rotation":{"x":0.09218990057706833,"y":-0.14436128735542298,"z":0.013509402051568032,"w":0.9851306676864624},"size":176.16241455078126,"orthographic":false}