{"cameraMode":{"drawMode":0,"name":"Shaded","section":"Shading Mode"},"sceneLighting":true,"audioPlay":false,"sceneViewState":{"m_AlwaysRefresh":false,"showFog":true,"showSkybox":true,"showFlares":true,"showImageEffects":true,"showParticleSystems":true,"showVisualEffectGraphs":true,"m_FxEnabled":false},"in2DMode":false,"pivot":{"x":1775.7757568359375,"y":907.768310546875,"z":12.587318420410157},"rotation":{"x":-0.004190221894532442,"y":-0.009004794992506504,"z":-0.000037764792068628594,"w":0.9999510645866394},"size":805.6442260742188,"orthographic":false}